Ticker,Name,address,latitude,longitude,Price,Climate Chg Pol:Y,Equal Opp Pol:Y,Water Policy,Human Rights Pol:Y,Energy Effic Pol:Y,Bus Ethics Pol:Y,Biodiv Pol:Y,Registered State Location,Product/Geographic Revenue,Revenue T12M,ISIN,ICB Industry Name,ICB Sector Name,Registered Country Location,Total Water Withdrawal,Tot Wtr Use:Y,Tot Wtr Dschgd:Y,Wste Sent to Ldflls:Y,Waste Recycl:Y ,Total Waste:Y,Energy Consump:Y ,GHG Scope 3:Y,GHG Scope 2:Y,GHG Scope 1:Y
A UN Equity,Agilent Technologies Inc,"New York, New York",43.1561681,-75.8449946,39.47,0,1,0,1,1,1,0,0,0,4040000000,US00846U1016,Industrials,Electronic & Electrical Equipment,US,0,1061.939941,,0.744000018,4.122000217,6.543000221,247.2669983,,96.09999847,8.425000191
AA UN Equity,Alcoa Inc,"St. Paul, Minnesota",44.9504037,-93.1015026,9.48,1,1,1,1,1,1,1,0,0,22534000128,US0138171014,Basic Materials,Industrial Metals & Mining,US,98800,,,304,709,,126921,38.57400131,13500,4400
AAL UW Equity,American Airlines Group Inc,"Menlo Park, California",37.4538274,-122.1821871,38.36,0,1,0,1,1,1,0,0,0,40990000128,US02376R1023,Consumer Services,Travel & Leisure,US,0,1767.869995,,0.353899986,4.846000195,22.39800072,241744,,519,0.0612
AAP UN Equity,Advance Auto Parts Inc,"Milford, Massachusetts",43.07797955,-87.88181522,155.83,0,0,0,0,0,1,0,0,0,9737018112,US00751Y1064,Consumer Services,General Retailers,US,0,,,,,,,9.833999634,,23184
AAPL UW Equity,Apple Inc,"Atlanta, Georgia",33.7490987,-84.3901849,108.54,1,1,0,1,1,1,0,0,0,2.35E+11,US0378331005,Technology,Technology Hardware & Equipment,US,0,2000,,4.188000202,10.22099972,16.16799927,1240.390015,143.1820068,306.6749878,884.9760132
ABBV UN Equity,AbbVie Inc,"Roanoke, Virginia",37.270973,-79.9414313,59.3,1,1,1,1,1,1,0,0,0,22858999808,US00287Y1091,Health Care,Pharmaceuticals & Biotechnology,US,0,,,,,38.79999924,2240,,358,
ABC UN Equity,AmerisourceBergen Corp,"New York, New York",42.5846773,-87.8212263,86.66,0,1,0,0,0,1,0,0,0,1.39E+11,US03073E1055,Consumer Services,Food & Drug Retailers,US,0,,,,,,,,,
ABT UN Equity,Abbott Laboratories,"Minneapolis, Minnesota",44.9772995,-93.2654692,42.61,1,1,1,1,1,1,0,0,0,20404999680,US0028241000,Health Care,Pharmaceuticals & Biotechnology,US,0,12681.7002,10069.6543,14.13700008,28.15399933,59.46300125,3390.830078,,534,
ACN UN Equity,Accenture PLC,"Atlanta, Georgia",33.7490987,-84.3901849,112.1,1,1,1,1,1,1,0,0,0,33502614016,IE00B4BNMY34,Industrials,Support Services,IE,0,,,,,,469.3059998,33.12799835,237.2389984,5532.844238
ADBE UW Equity,Adobe Systems Inc,"New Orleans, Louisiana",29.9499323,-90.0701156,93.78,0,1,0,1,1,1,0,0,0,5069664896,US00724F1012,Technology,Software & Computer Services,US,0,0.824999988,,,,1.439100027,106.4759979,,29.1989994,
ADI UW Equity,Analog Devices Inc,"Mountain View, California",37.3943302,-122.0757135,58.36,0,1,1,0,1,1,0,0,0,3432534976,US0326541051,Technology,Technology Hardware & Equipment,US,0,1100,,,,1.950999975,,171871,95.15499878,51.80199814
ADM UN Equity,Archer-Daniels-Midland Co,"London,âè_United Kingdom",51.5073219,-0.1276474,35.72,0,1,1,1,1,1,0,0,0,67702001664,US0394831020,Consumer Goods,Food Producers,US,0,,,,,,,32.06499863,,7100
ADP UW Equity,Automatic Data Processing Inc,"Houston, Texas",29.7589382,-95.3676974,89.8,0,1,0,0,1,1,0,0,0,11247200000,US0530151036,Industrials,Support Services,US,0,,,,,,,,20.46299934,
ADS UN Equity,Alliance Data Systems Corp,"Toledo, Ohio",33.6431901,-117.8401648,212.43,0,1,0,0,0,1,0,0,0,6439792000,US0185811082,Industrials,Support Services,US,0,,,,,,,47400,79.96700287,56.98310089
ADSK UW Equity,Autodesk Inc,"Redwood City, California",37.4852152,-122.2363548,56.39,1,1,1,1,1,1,0,0,0,2504100032,US0527691069,Technology,Software & Computer Services,US,0,,,0.088,0.035,12.63099957,37.83000183,,1.679999948,
AEE UN Equity,ADT Corp/The,"Redwood City, California",37.4852152,-122.2363548,41.39,0,1,0,1,1,1,0,0,0,3587000000,US00101J1060,Industrials,Support Services,US,0,,,,72.56240082,,,,,
AEP UN Equity,Ameren Corp,"Bethesda, Maryland",38.98130835,-77.12333453,49.16,1,0,0,0,1,1,1,0,0,6097999872,US0236081024,Utilities,"Gas, Water & Multiutilities",US,0,14508300,4264890,,17.03389931,2960.908447,,1437.540039,91.47899628,210.8000031
AES UN Equity,American Electric Power Co Inc,"The Woodlands, Texas",30.1734194,-95.504686,65.5,1,1,0,1,1,1,1,0,0,16696999936,US0255371017,Utilities,Electricity,US,0,,9742460,,2890.337891,7507.371094,,,0,30.11199951
AET UN Equity,AES Corp/VA,"Houston, Texas",29.7589382,-95.3676974,10.86,0,0,0,1,0,1,1,0,0,14962999808,US00130H1059,Utilities,Electricity,US,0,,6219280,,,,,6.065999985,576,34185.30078
AFL UN Equity,Aetna Inc,"Glenview, Illinois",42.0700662,-87.8114044,110.28,0,1,1,0,1,1,0,0,0,60336499712,US00817Y1082,Health Care,Health Care Equipment & Services,US,0,,,,,,,,62.98500061,
AGN UN Equity,Aflac Inc,"Chesterbrook, Pennsylvania",40.07264,-75.45624788,63,0,1,0,0,1,1,0,0,0,20872000000,US0010551028,Financials,Life Insurance,US,0,,,,,,,,26.43099976,
AIG UN Equity,Allergan plc,"Sarasota, Florida",27.3364347,-82.5306527,241,0,1,0,0,0,1,0,0,0,18275599872,IE00BY9D5467,Health Care,Pharmaceuticals & Biotechnology,IE,0,,,,,,,,66.78099823,12.76399994
AIV UN Equity,American International Group Inc,"San Francisco, California",37.76262625,-122.458515,53.11,1,1,0,1,1,1,0,0,0,58327000064,US0268747849,Financials,Nonlife Insurance,US,0,,,,,,,,,
AIZ UN Equity,Apartment Investment & Management Co,"Woburn, Massachusetts",43.1561681,-75.8449946,41.87,0,1,0,0,0,1,0,0,0,981310016,US03748R1014,Financials,Real Estate Investment Trusts,US,0,,,,,,,,,31.56100082
AKAM UW Equity,Assurant Inc,"Houston, Texas",29.7589382,-95.3676974,77.09,0,1,1,0,1,1,0,0,0,10325494016,US04621X1081,Financials,Life Insurance,US,0,,,,0.49000001,0.49000001,317.5809937,,,2.711999893
ALL UN Equity,Akamai Technologies Inc,"Armonk, New York",41.1264849,-73.7140195,53.28,1,1,0,0,1,1,0,0,0,2197448000,US00971T1016,Technology,Software & Computer Services,US,0,277.9840088,,,3.090199947,1.041000009,466.6820068,5054.839844,86.53199768,109.3158035
ALLE UN Equity,Allstate Corp/The,"Chicago, Illinois",41.86898915,-87.64856246,66.28,1,1,1,0,1,1,0,0,0,35653000192,US0200021014,Financials,Nonlife Insurance,US,0,,,,,,,,117.0189972,30
ALXN UW Equity,Allegion PLC,"Norwalk, Connecticut",37.3361905,-121.8905833,63.97,,,0,,,,,0,0,2068099968,IE00BFRT3W74,Industrials,Electronic & Electrical Equipment,IE,0,,,,,,,,,0
AMAT UW Equity,Alexion Pharmaceuticals Inc,"Bentonville, Arkansas",42.1711365,-87.8445119,148.03,0,1,0,1,0,1,0,0,0,2604046976,US0153511094,Health Care,Pharmaceuticals & Biotechnology,US,0,566.8040161,,,7.276000023,12.0539999,512.2000122,,,
AME UN Equity,Applied Materials Inc,"Irving, Texas",32.8629195,-96.97917017,20.8,0,1,0,1,1,1,0,0,0,9556999680,US0382221051,Technology,Technology Hardware & Equipment,US,0,,,4.320000172,,,,,143.095993,
AMG UN Equity,AMETEK Inc,"San Francisco, California",37.76262625,-122.458515,49.03,0,1,0,0,0,1,0,0,0,3974294976,US0311001004,Industrials,Electronic & Electrical Equipment,US,0,,,,,,,138,,910
AMGN UW Equity,Affiliated Managers Group Inc,"Dallas, Texas",41.8239891,-71.4128343,156,0,0,0,0,0,1,0,0,0,2484500032,US0082521081,Financials,Financial Services,US,0,3012,,,3.694000006,12.65100002,1029.439941,22.27000046,,10855.55664
AMP UN Equity,Amgen Inc,"Pittsburgh, Pennsylvania",40.4416941,-79.9900861,157.38,0,1,1,0,1,1,0,0,0,21661999616,US0311621009,Health Care,Pharmaceuticals & Biotechnology,US,2487,,1551,2.792999983,,,,,258,
AMT UN Equity,Ameriprise Financial Inc,"Kansas City, Missouri",39.0844687,-94.5630298,91.04,0,1,0,0,0,1,0,0,0,12200000000,US03076C1062,Financials,Financial Services,US,0,,,,,,,,,
AMZN UW Equity,American Tower Corp,"Lake Forest, Illinois",42.291707,-85.5872286,105,0,1,0,0,1,1,0,0,0,4771516032,US03027X1000,Financials,Real Estate Investment Trusts,US,0,,,,,,,,,7.90899992
AN UN Equity,Amazon.com Inc,"Atlanta, Georgia",37.3943302,-122.0757135,591.43,1,1,0,0,1,1,0,0,0,1.07E+11,US0231351067,Consumer Services,General Retailers,US,0,,,,,,,,,
ANTM UN Equity,AutoNation Inc,"Menlo Park, California",37.4538274,-122.1821871,45.12,0,1,0,0,0,1,0,0,0,20862000128,US05329W1027,Consumer Services,General Retailers,US,0,,,,7.900000095,13.16670036,,,,
AON UN Equity,Anthem Inc,"Sunnyvale, California",37.3688301,-122.0363496,143.42,0,1,1,1,1,1,0,0,0,79156498432,US0367521038,Health Care,Health Care Equipment & Services,US,0,,,,,,,,,
APA UN Equity,Aon PLC,"Indianapolis, Indiana",39.7683331,-86.1583502,101.03,0,1,0,0,1,1,0,0,0,11682000128,GB00B5BT0K07,Financials,Nonlife Insurance,GB,0,281259,,,,,5400,,,
APC UN Equity,Apache Corp,"New York, New York",43.1561681,-75.8449946,49.19,0,1,1,0,1,1,1,0,0,6554000000,US0374111054,Oil & Gas,Oil & Gas Producers,US,194234,20091,84738,,,,22887.40039,,1400,11.82400036
APD UN Equity,Anadarko Petroleum Corp,"Whitehouse Station, New Jersey",40.61538,-74.7704409,45.75,1,1,1,1,1,1,1,0,0,9296000128,US0325111070,Oil & Gas,Oil & Gas Producers,US,31609.59961,199756,655433,,3.038500071,,114407,,1374.339966,
APH UN Equity,Air Products & Chemicals Inc,"Berwyn, Pennsylvania",40.04442,-75.43285387,141.85,0,1,0,1,1,1,1,0,0,9689900288,US0091581068,Basic Materials,Chemicals,US,0,,104872,3.99090004,,,,4269,11570,119.4990005
ARG UN Equity,Amphenol Corp,"Stamford, Connecticut",29.7589382,-95.3676974,57.78,0,1,0,0,0,1,0,0,0,5568700032,US0320951017,Industrials,Electronic & Electrical Equipment,US,0,,,,,,,,,10
ATVI UW Equity,Airgas Inc,"Thousand Oaks, California",34.17142715,-118.9105876,141.89,0,1,0,0,1,1,0,0,0,5321415936,US0093631028,Basic Materials,Chemicals,US,0,,,,,,,,,
AVB UN Equity,Activision Blizzard Inc,"Boston, Massachusetts",42.2586342,-87.840625,33.42,0,1,0,0,0,1,0,0,0,4664999936,US00507V1098,Consumer Goods,Leisure Goods,US,0,11954.09961,,,,,484.5979919,217,,476.0840149
AVGO UW Equity,AvalonBay Communities Inc,"Hamilton, Bermuda",39.7683331,-86.1583502,187.94,0,1,0,0,0,1,0,0,0,1856026016,US0534841012,Financials,Real Estate Investment Trusts,US,0,,,,,,,702.2730103,67.09899902,263.3240051
AVY UN Equity,Broadcom Ltd,"New York, New York",43.1561681,-75.8449946,154.97,0,0,0,1,0,1,0,0,0,6960000128,SG9999014823,Technology,Technology Hardware & Equipment,SG,0,109.7819977,,,72.24289703,116.5999985,1280,,,
AWK UN Equity,Avery Dennison Corp,"Cupertino, California",37.3230107,-122.0322519,71.57,1,1,0,1,1,1,0,0,0,5966899968,US0536111091,Basic Materials,Chemicals,US,0,,,100.3000031,,,55561.02734,,322.1000061,43.20700073
AXP UN Equity,American Water Works Co Inc,"Dublin, Ireland",53.3497645,-6.2602732,69.8,0,1,0,1,1,1,1,0,0,3159405056,US0304201033,Utilities,"Gas, Water & Multiutilities",US,0,,,,,,,,648.0670166,
AYI UN Equity,American Express Co,"Bethesda, Maryland",38.98130835,-77.12333453,58.86,0,1,0,0,1,1,0,0,0,34441000448,US0258161092,Financials,Financial Services,US,0,,,,,,,159.8860016,211.526001,670.09198
AZO UN Equity,AutoZone Inc,"Chandler, Arizona",33.3067132,-111.8408489,785.13,0,1,0,1,0,1,0,0,0,10426659840,US0533321024,Consumer Services,General Retailers,US,0,,,,,,,11110,,97.34899902
BA UN Equity,Boeing Co/The,"Dublin, Ireland",53.3497645,-6.2602732,127,1,1,0,1,1,1,0,0,0,96113999872,US0970231058,Industrials,Aerospace & Defense,US,0,6771.5,,,,,4060.139893,,1104,29.7670002
BAC UN Equity,Bank of America Corp,"Cheshire, Connecticut",41.4989861,-72.900658,12.85,1,1,0,1,1,1,1,0,0,94078001152,US0605051046,Financials,Banks,US,0,9817.709961,,44.28900146,70.73999786,115.0289993,2930.340088,,1224,
BAX UN Equity,Baxter International Inc,"Dallas, Texas",32.9862442,-96.75109557,41.73,1,1,0,1,1,1,1,0,0,12747000064,US0718131099,Health Care,Health Care Equipment & Services,US,0,15800,4243,16.81459999,51.88999939,76.43000031,2793.060059,,480,2.279999971
BBBY UW Equity,Bed Bath & Beyond Inc,"Newark, New Jersey",40.735657,-74.1723667,48.97,0,1,0,0,1,1,0,0,0,12103887104,US0758961009,Consumer Services,General Retailers,US,0,,,,,,,,,2.460999966
BBT UN Equity,BB&T Corp,"Houston, Texas",29.7589382,-95.3676974,32.44,0,1,0,0,0,1,0,0,0,10346000128,US0549371070,Financials,Banks,US,0,,,,,,,278.4909973,90.30999756,404.3370056
BBY UN Equity,Best Buy Co Inc,"San Rafael, California",37.9735346,-122.5310874,30.22,1,1,1,1,1,1,0,0,0,39528000512,US0865161014,Consumer Services,General Retailers,US,0,1500,,28.11790085,35.31930161,272.3269958,1610.839966,,474.32901,15.84899998
BCR UN Equity,CR Bard Inc,"New York, New York",43.1561681,-75.8449946,203.3,0,1,0,0,1,1,0,0,0,3415999936,US0673831097,Health Care,Health Care Equipment & Services,US,0,912.2161255,,,3.905699968,7.6177001,239.5858002,108.7050018,75.73999786,1080.810059
BDX UN Equity,Becton Dickinson and Co,"Redmond, Washington",47.64083365,-122.1273751,155.03,0,1,0,1,1,1,0,0,0,11216000000,US0758871091,Health Care,Health Care Equipment & Services,US,0,4452.050293,3408.175781,7.993999958,23.92000008,38.68299866,1264.592773,14940,192.9720001,85.18800354
BEN UN Equity,Franklin Resources Inc,"Newark, Delaware",39.6852191,-75.7508289,37.2,0,1,1,0,1,1,0,0,0,7642399872,US3546131018,Financials,Financial Services,US,0,,,,,,,,21.35099983,
BF/B UN Equity,Brown-Forman Corp,"Memphis, Tennessee",35.1490215,-90.0516285,95.55,1,1,1,1,1,1,1,0,0,3102000000,US1156372096,Consumer Goods,Beverages,US,0,3210.179932,1820,,,,746.8770142,130472.8359,73.80999756,52.20299911
BHI UN Equity,Baker Hughes Inc,"Santa Clara, California",37.3541132,-121.9551744,41.93,1,1,1,1,1,1,1,0,0,15741999616,US0572241075,Oil & Gas,"Oil Equipment, Services & Distribution",US,2940,2956,999,29,56,1011,988,,387,
BIIB UW Equity,Biogen Inc,"Tempe, Arizona",33.4144139,-111.9094474,273.04,0,1,1,1,1,1,0,0,0,10763764224,US09062X1037,Health Care,Pharmaceuticals & Biotechnology,US,677.136004,799.0205078,385.4649963,0.009,1.008999944,3.994999886,346.9328918,,44.5320015,0
BK UN Equity,Bank of New York Mellon Corp/The,"Decatur, Illinois",39.8454163,-88.9524151,35.67,1,1,0,1,1,1,0,0,0,15552999680,US0640581007,Financials,Financial Services,US,0,439.1390076,,1.661999941,3.566999912,5.755000114,436.4039917,,209.7220001,
BLK UN Equity,BlackRock Inc,"Columbus, Georgia",36.0325687,-86.7825235,328.37,0,1,0,0,0,1,0,0,0,11401000192,US09247X1019,Financials,Financial Services,US,0,,,,,,,,,
BLL UN Equity,Ball Corp,"Boise, Idaho",43.61656,-116.200835,70.64,0,1,0,1,0,0,0,0,0,7997000064,US0584981064,Industrials,General Industrials,US,0,6639.946777,,5.406099796,27.03030014,41.58499908,3424.02002,,898.4320068,
BMY UN Equity,Bristol-Myers Squibb Co,"Fort Lauderdale, Florida",26.1223084,-80.1433786,66.28,0,1,0,1,1,1,1,0,0,16560000000,US1101221083,Health Care,Pharmaceuticals & Biotechnology,US,0,,,,12.5,34.20000076,2916.669922,,235,
BRK/B UN Equity,Berkshire Hathaway Inc,"Amsterdam, New York",40.7559696,-73.98804473,140.81,0,0,0,0,0,1,0,0,0,2.11E+11,US0846707026,Financials,Nonlife Insurance,US,0,,,,,,,100.3040009,,1181.621948
BSX UN Equity,Boston Scientific Corp,"Roseland, New Jersey",40.8206555,-74.2937595,19.29,0,1,0,0,1,1,0,0,0,7477000064,US1011371077,Health Care,Health Care Equipment & Services,US,0,794.9730225,,,8.359999657,8.800000191,358,,,
BWA UN Equity,BorgWarner Inc,"Detroit, Michigan",42.3486635,-83.0567375,34.05,0,1,0,0,1,1,0,0,0,8023200000,US0997241064,Consumer Goods,Automobiles & Parts,US,0,,,,,,,58.12599945,,2329.810059
BXLT UN Equity,Baxalta Inc,"White Plains, New York",37.3688301,-122.0363496,40.34,,,0,,,,,0,0,6230000128,US07177M1036,Health Care,Health Care Equipment & Services,US,0,,,,,,,,,
BXP UN Equity,Boston Properties Inc,"New York, New York",43.1561681,-75.8449946,126.21,0,1,1,0,1,1,0,0,0,2490821056,US1011211018,Financials,Real Estate Investment Trusts,US,0,,,,,,,36.59999847,,4831.5
C UN Equity,Citigroup Inc,"New York, New York",43.1561681,-75.8449946,40.27,1,1,0,1,1,1,1,0,0,88274999296,US1729674242,Financials,Banks,US,0,5522.879883,,38.28900146,15.12300014,49.98799896,1820,,892.8189697,26.88699913
CA UW Equity,CA Inc,"Franklin Lakes, New Jersey",41.0167639,-74.2057012,30.07,0,1,1,1,1,1,0,0,0,4039000000,US12673P1057,Technology,Software & Computer Services,US,117.0599976,117.0599976,,102.5,0,102.5,142.7100067,,53.49000168,
CAG UN Equity,ConAgra Foods Inc,"Union, New Jersey",40.6652251,-74.3045277,46.09,1,1,1,1,1,1,0,0,0,12915299840,US2058871029,Consumer Goods,Food Producers,US,0,52809,,,,1405.672974,7483.72998,,1242.140869,
CAH UN Equity,Cardinal Health Inc,"Newark, New Jersey",40.735657,-74.1723667,83.76,0,1,0,0,0,1,0,0,0,1.12E+11,US14149Y1082,Consumer Services,Food & Drug Retailers,US,0,4837,,,39,50,1082,,219,7.835999966
CAT UN Equity,Caterpillar Inc,"Santa Monica, California",34.0195598,-118.4869739,74.17,1,1,1,1,1,1,0,0,0,47010999296,US1491231015,Industrials,Industrial Engineering,US,9544.219727,9544.219727,,67.59999847,608.4000244,676,7611.109863,,1400,
CB UN Equity,Chubb Ltd,"Fairfield, Connecticut",41.15967565,-73.257403,117.63,0,1,0,1,1,1,0,0,0,18992000000,CH0044328745,Financials,Nonlife Insurance,CH,0,,,,,,,65,40.70199966,2015
CBG UN Equity,CBRE Group Inc,"Irving, Texas",32.8629195,-96.97917017,28.04,0,1,1,1,1,1,0,0,0,10855810048,US12504L1098,Financials,Real Estate Investment & Services,US,0,,,,,,206.6799927,,30.60499954,13.58300018
CBS UN Equity,CBS Corp,"Cedar Rapids, Iowa",41.9758872,-91.6704053,53.58,0,1,0,0,0,1,0,0,0,13886000128,US1248572026,Consumer Services,Media,US,0,,,,,,,,,43.93600082
CCE UN Equity,Coca-Cola Enterprises Inc,"Deerfield, Illinois",42.1711365,-87.8445119,52.4,1,1,0,1,1,1,0,0,0,7011000064,US19122T1097,Consumer Goods,Beverages,US,0,8479.999023,2700,0.197400004,27.0291996,27.16500092,2001.002075,394.2680054,79.11699677,377
CCI UN Equity,Crown Castle International Corp,"Florham Park, New Jersey",,,86.77,,,0,,,,,0,0,3704381056,US22822V1017,Financials,Real Estate Investment Trusts,US,0,,,,,,,,,
CCL UN Equity,Carnival Corp,"Glendale, California",34.1423455,-118.2483671,51.18,1,1,0,1,1,1,1,0,0,15835000064,PA1436583006,Consumer Services,Travel & Leisure,PA,0,25632.59961,25458.90039,,128.9570007,477.5700073,36450.30078,250,66.2460022,439
CELG UW Equity,Celgene Corp,"Winona, Minnesota",44.049963,-91.6393152,107.11,1,1,1,1,1,1,1,0,0,9256000000,US1510201049,Health Care,Pharmaceuticals & Biotechnology,US,391.553009,391.553009,321.9689941,0.333000004,0.782999992,2.111999989,108.1210022,,14.93900013,5.28000021
CERN UW Equity,Cerner Corp,"Glendale, California",34.1423455,-118.2483671,55.98,0,1,0,0,0,1,0,0,0,4425267008,US1567821046,Technology,Software & Computer Services,US,0,,,,,,,14.41300011,,15460.14648
CF UN Equity,CF Industries Holdings Inc,"Hartford, Connecticut",44.9127229,-93.499059,29.19,0,1,0,0,1,1,0,0,0,4308300096,US1252691001,Basic Materials,Chemicals,US,0,,,,,,,,,7.360000134
CFG UN Equity,Citizens Financial Group Inc,"Las Vegas, Nevada",44.9772995,-93.2654692,20.79,,,0,,,,,0,0,5276000000,US1746101054,Financials,Banks,US,0,,,,,,,4.146999836,,57111.80078
CHD UN Equity,Church & Dwight Co Inc,"Dulles, Virginia",40.7281575,-74.0776417,93.92,0,1,0,0,0,1,0,0,0,3394800064,US1713401024,Consumer Goods,Household Goods & Home Construction,US,0,1733.800049,752.2979736,,11.15200043,41.10599899,444.5469971,,,
CHK UN Equity,Chesapeake Energy Corp,"Curaâè_ao,âè_Kingdom of the Netherlands",39.1014537,-84.5124602,3.61,0,1,1,0,0,1,0,0,0,12028000000,US1651671075,Oil & Gas,Oil & Gas Producers,US,0,,,,,,,,,
CHRW UW Equity,CH Robinson Worldwide Inc,"Minneapolis, Minnesota",47.6960491,8.634513,71.85,0,1,0,0,0,1,0,0,0,13476084224,US12541W2098,Industrials,Industrial Transportation,US,0,,,,,,,,,0.623000026
CI UN Equity,Cigna Corp,"Broomfield, Colorado",39.9203827,-105.0691464,131.86,0,1,0,0,1,1,0,0,0,37818999808,US1255091092,Health Care,Health Care Equipment & Services,US,0,,,,,,228.973999,5319.370117,78.71700287,109.2890015
CINF UW Equity,Cincinnati Financial Corp,"Rockville, Maryland",39.0840054,-77.1527573,64.31,0,1,1,0,1,1,0,0,0,5142000000,US1720621010,Financials,Nonlife Insurance,US,0,,,,,,,,,
CL UN Equity,Colgate-Palmolive Co,"Deerfield, Illinois",42.1711365,-87.8445119,70.64,1,1,0,1,1,1,1,0,0,16034000128,US1941621039,Consumer Goods,Personal Goods,US,0,8775.459961,3424.079834,38.81999969,79.58000183,142.7599945,2874.73999,,437.5599976,2.134000063
CLX UN Equity,Clorox Co/The,"Charlotte, North Carolina",35.2270869,-80.8431268,128.66,0,1,1,1,1,1,1,0,0,5692999808,US1890541097,Consumer Goods,Household Goods & Home Construction,US,0,3164.75,,9.152000427,,9.152000427,1020,,248,8.963000298
CMA UN Equity,Comerica Inc,"Winston-Salem, North Carolina",36.0998131,-80.2440518,36.55,1,1,0,1,1,1,0,0,0,2835000000,US2003401070,Financials,Banks,US,0,349.7850037,,1.574599981,2.650000095,4.224500179,146.9389954,37448.5,64.67700195,68.94599915
CMCSA UW Equity,Comcast Corp,"Chicago, Illinois",41.86898915,-87.64856246,61.4,0,1,0,0,1,1,0,0,0,74510000128,US20030N1019,Consumer Services,Media,US,0,,,,,,,,,
CME UW Equity,CME Group Inc/IL,"McKinney, Texas",32.4609764,-84.9877094,92.22,0,1,0,0,0,1,0,0,0,3326800064,US12572Q1058,Financials,Financial Services,US,0,,,,,,,,,
CMG UN Equity,Chipotle Mexican Grill Inc,"Baltimore, Maryland",41.2587317,-95.9378732,450.6,0,1,0,0,0,1,0,0,0,4501222976,US1696561059,Consumer Services,Travel & Leisure,US,0,,,,,,,19.97699928,,11850.51465
CMI UN Equity,Cummins Inc,"Weston, Massachusetts",42.3667625,-71.3031132,105.09,0,1,0,1,1,1,0,0,0,19110000640,US2310211063,Industrials,Industrial Engineering,US,0,3679.588135,,22.10700035,165,183,3747.323975,,530.4520264,
CMS UN Equity,CMS Energy Corp,"New York, New York",43.1561681,-75.8449946,41.57,1,1,1,0,1,1,1,0,0,6456000000,US1258961002,Utilities,Electricity,US,0,,,,,,,,,
CNC UN Equity,Centene Corp,"Warsaw, Indiana",40.7670126,-111.8904308,61.92,,,0,,,,,0,0,22760000000,US15135B1017,Health Care,Health Care Equipment & Services,US,0,,,,,,,,,
CNP UN Equity,CenterPoint Energy Inc,"New York, New York",43.1561681,-75.8449946,20.73,0,1,0,1,1,1,0,0,0,7386000000,US15189T1079,Utilities,"Gas, Water & Multiutilities",US,0,,,,,,,,,
COF UN Equity,Capital One Financial Corp,"Houston, Texas",29.7589382,-95.3676974,66.58,1,1,1,0,1,1,0,0,0,25038000128,US14040H1059,Financials,Financial Services,US,0,1036.76001,,,,,452.0369873,26.10499954,232.7030029,8524
COG UN Equity,Cabot Oil & Gas Corp,"Northfield, Illinois",42.09975,-87.7808967,23.27,0,1,1,0,0,1,0,0,0,1436888992,US1270971039,Oil & Gas,Oil & Gas Producers,US,0,,,,,,,97.98899841,,1339.442017
COH UN Equity,Coach Inc,"Vernier, Switzerland",43.1561681,-75.8449946,40.31,0,0,0,0,0,1,0,0,0,4237499904,US1897541041,Consumer Goods,Personal Goods,US,0,,,,,,,,,
COL UN Equity,Rockwell Collins Inc,"Cleveland, Ohio",41.5051613,-81.6934446,91.69,0,1,1,1,1,1,0,0,0,5186999808,US7743411016,Industrials,Aerospace & Defense,US,0,,,,,,,,119.4670029,38.18180084
COP UN Equity,ConocoPhillips,Washington D.C,38.9025249,-77.02297467,40.31,1,1,0,1,1,1,1,0,0,29564000256,US20825C1045,Oil & Gas,Oil & Gas Producers,US,0,,32399,,327.2659912,479.230011,71706.60156,7022.330078,1421.410034,107.0749969
COST UW Equity,Costco Wholesale Corp,"Cool Valley, Missouri",38.7278287,-90.310114,152.03,0,1,1,0,1,1,0,0,0,1.17E+11,US22160K1051,Consumer Services,General Retailers,US,0,,,,,,,,1157.671021,
CPB UN Equity,Campbell Soup Co,"Creve Coeur, Missouri",38.6608855,-90.4226181,63.86,0,1,0,0,0,1,0,0,0,7996999936,US1344291091,Consumer Goods,Food Producers,US,0,21029.16602,16529,38.7820015,240.5339966,279.3160095,2517.684082,80,317.2080078,1570
CPGX UN Equity,Columbia Pipeline Group Inc,"Deerfield, Illinois",34.1816482,-118.3258554,25.21,0,1,0,0,1,1,0,0,0,1334900000,US1982801094,Oil & Gas,"Oil Equipment, Services & Distribution",US,0,,,,,,,134.029007,,915.7639771
CRM UN Equity,salesforce.com inc,"New Brunswick, New Jersey",40.4862174,-74.4518173,75.32,0,1,0,0,1,1,0,0,0,6667216000,US79466L3024,Technology,Software & Computer Services,US,0,,,,,,140.2779999,,71.47899628,
CSCO UW Equity,Cisco Systems Inc,"Seattle, Washington",47.6038321,-122.3300624,27.6,1,1,1,1,1,1,1,0,0,49589000192,US17275R1023,Technology,Technology Hardware & Equipment,US,0,2179,,,3.963999987,5.308000088,1810,,724.8389893,
CSRA UN Equity,CSRA Inc,"Tulsa, Oklahoma",51.5073219,-0.1276474,25.75,,,0,,,,,0,0,,US12650T1043,Technology,Software & Computer Services,US,0,,,,,,,,,
CSX UW Equity,CSX Corp,"Sunnyvale, California",37.3688301,-122.0363496,24.62,0,1,0,1,1,1,1,0,0,11811000064,US1264081035,Industrials,Industrial Transportation,US,0,6594.490234,,65.59870148,121.0159988,216.6390076,22470.30078,,327.5280151,3.941999912
CTAS UW Equity,Cintas Corp,"Cincinnati, Ohio",39.1014537,-84.5124602,88.93,0,0,0,0,0,1,0,0,0,4776635904,US1729081059,Industrials,Support Services,US,0,,,,,,,,,
CTL UN Equity,CenturyLink Inc,"Houston, Texas",29.7589382,-95.3676974,31.87,0,1,0,1,1,1,0,0,0,17899999744,US1567001060,Telecommunications,Fixed Line Telecommunications,US,2044,2044,,,5.820000172,16.35099983,4721,434.7340088,2080.179932,360.6279907
CTSH UW Equity,Cognizant Technology Solutions Corp,"Columbus, Ohio",39.9622601,-83.0007065,59.99,1,1,1,1,1,1,0,0,0,12416000000,US1924461023,Technology,Software & Computer Services,US,1589.233041,2097.787598,,,,1.31190002,275.4195862,621.7999878,188.2550049,280
CTXS UW Equity,Citrix Systems Inc,"Stamford, Connecticut",41.0534302,-73.5387341,77.26,0,1,0,0,1,1,0,0,0,3275593984,US1773761002,Technology,Software & Computer Services,US,0,,,,,,,,,3.029999971
CVC UN Equity,Cablevision Systems Corp,"Atlanta, Georgia",33.7490987,-84.3901849,32.76,0,1,0,0,0,1,0,0,0,6509742976,US12686C1099,Consumer Services,Media,US,0,,,,,,,,,
CVS UN Equity,CVS Health Corp,"Teaneck, New Jersey",40.9109742,-73.99449186,100.94,1,1,1,1,1,1,0,0,0,1.53E+11,US1266501006,Consumer Services,Food & Drug Retailers,US,0,6200,,0.044,50.76300049,,3324.004639,1191,1468.000122,233.4900055
CVX UN Equity,Chevron Corp,"Raleigh, North Carolina",35.7804015,-78.6390779,94.79,1,1,1,1,1,1,1,0,0,1.23E+11,US1667641005,Oil & Gas,Oil & Gas Producers,US,126000,217000,,,,,205833,,3849.319092,
CXO UN Equity,Concho Resources Inc,"El Segundo, California",33.911731,-118.3836804,103.13,0,1,0,0,0,1,0,0,0,2436489024,US20605P1012,Oil & Gas,Oil & Gas Producers,US,0,,,,,,,,,21.15500069
D UN Equity,Dominion Resources Inc/VA,"Auburn Hills, Michigan",42.6647495,-83.23093751,72.97,1,1,0,0,1,1,1,0,0,11683000064,US25746U1097,Utilities,Electricity,US,0,12176500,,,0.041999999,,,,,
DAL UN Equity,Delta Air Lines Inc,"Cincinnati, Ohio",39.1014537,-84.5124602,45.8,1,1,1,1,0,1,0,0,0,40704001024,US2473617023,Consumer Services,Travel & Leisure,US,0,792.3197021,417.9504089,1.404999971,1.085000038,3.359999895,139109.6719,,336.7869873,
DD UN Equity,EI du Pont de Nemours & Co,"Hartford, Connecticut",41.7655582,-72.69061266,62.81,1,1,0,1,1,1,1,0,0,27938999808,US2635341090,Basic Materials,Chemicals,US,0,130800,,369.9100037,,439.2739868,27198.30078,,2659.27002,18.70599937
DE UN Equity,Deere & Co,"Chicago, Illinois",41.86898915,-87.64856246,76.18,0,1,0,1,1,1,0,0,0,28004299776,US2441991054,Industrials,Industrial Engineering,US,0,,,,,,,,1066.579956,
DFS UN Equity,Discover Financial Services,"King of Prussia, Pennsylvania",35.04652375,-85.29873402,50.26,0,1,0,0,0,1,0,0,0,10002000384,US2547091080,Financials,Financial Services,US,0,,,,,,,,,9.600000381
DG UN Equity,Dollar General Corp,"Oak Brook, Illinois",41.8328085,-87.9289504,83.72,0,1,0,0,0,1,0,0,0,20368562176,US2566771059,Consumer Services,General Retailers,US,0,,,,,,,2233.97998,,178
DGX UN Equity,Quest Diagnostics Inc,"Melville, New York",40.7934322,-73.4151214,71.98,0,1,0,0,0,1,0,0,0,7492999936,US74834L1008,Health Care,Health Care Equipment & Services,US,0,796.5720215,,,8.421999931,28.70899963,662.5,,187.7700043,
DHI UN Equity,DR Horton Inc,"New York, New York",43.1561681,-75.8449946,30.25,0,1,0,0,0,1,0,0,0,10937699840,US23331A1097,Consumer Goods,Household Goods & Home Construction,US,0,,,,,,,,,
DHR UN Equity,Danaher Corp,"Plymouth, Minnesota",45.0065149,-93.46651,93.28,0,1,0,0,0,1,0,0,0,20908599808,US2358511028,Industrials,General Industrials,US,0,5523.006836,,,21.13400078,43.29999924,447.427002,47.77099991,205.2680054,2901.370117
DIS UN Equity,Walt Disney Co/The,"Arlington, Virginia",38.8785384,-77.0691116,96.16,1,1,0,1,1,1,1,0,0,54317999104,US2546871060,Consumer Services,Media,US,0,26801.90039,,133.9250031,,308,5459.839844,3.24000001,765.625,74973
DISCA UW Equity,Discovery Communications Inc,"Stamford, Connecticut",41.7655582,-72.69061266,27.91,0,1,0,0,0,1,0,0,0,6393999872,US25470F1049,Consumer Services,Media,US,0,,,,,,,,,
DISCK UW Equity,Discovery Communications Inc,"Benton Harbor, Michigan",30.284151,-97.73195588,26.96,0,1,0,0,0,1,0,0,0,6393999872,US25470F3029,Consumer Services,Media,US,0,,,,,,,,,
DLPH UN Equity,Delphi Automotive PLC,"Houston, Texas",29.7589382,-95.3676974,71.2,1,1,1,0,1,1,0,0,0,15164999936,JE00B783TY65,Consumer Goods,Automobiles & Parts,JE,0,,,,,,,45.58649826,,3520
DLTR UW Equity,Dollar Tree Inc,"Atlanta, Georgia",32.9862442,-96.75109557,80.64,0,1,0,0,0,1,0,0,0,15498400256,US2567461080,Consumer Services,General Retailers,US,0,,,,,,,,,
DNB UN Equity,Dun & Bradstreet Corp/The,"New York, New York",42.3370414,-71.2092214,103.38,0,1,0,1,0,1,0,0,0,1657100000,US26483E1001,Consumer Services,Media,US,0,,,,,,,62.23600006,,2198
DO UN Equity,Diamond Offshore Drilling Inc,"Houston, Texas[6]",29.7589382,-95.3676974,20.28,0,1,0,0,0,1,0,0,0,2419393024,US25271C1027,Oil & Gas,"Oil Equipment, Services & Distribution",US,0,,,,,,,10.91399956,,17784.22656
DOV UN Equity,Dover Corp,"Schaumburg, Illinois",42.0333608,-88.083406,62.72,0,1,0,1,1,1,0,0,0,6956310912,US2600031080,Industrials,Industrial Engineering,US,0,,,,,,654,,,25.72200012
DOW UN Equity,Dow Chemical Co/The,"Boston, Massachusetts",42.3604823,-71.0595678,50.44,1,1,0,1,1,1,1,0,0,48777999360,US2605431038,Basic Materials,Chemicals,US,0,,,345,,1500,165361,,8100,
DPS UN Equity,Dr Pepper Snapple Group Inc,"Miami, Florida",25.7742658,-80.1936589,89.97,0,1,0,1,1,1,0,0,0,6282000128,US26138E1091,Consumer Goods,Beverages,US,0,11735.2998,5299.819824,0.0066,29.62999916,36.22999954,1464.912964,156.2030029,159.9170074,735.2819824
DRI UN Equity,Darden Restaurants Inc,"Winston-Salem, North Carolina",36.0998131,-80.2440518,64.68,0,1,1,0,1,1,0,0,0,7021600128,US2371941053,Consumer Services,Travel & Leisure,US,0,19611.23828,17774.5957,,,,3039.074951,,,
DTE UN Equity,DTE Energy Co,"Boston, Massachusetts",42.3604823,-71.0595678,88.77,1,1,0,0,1,1,1,0,0,10337000192,US2333311072,Utilities,Electricity,US,0,5863980,,,1200,,,3059.293945,2368,145.1000061
DUK UN Equity,Duke Energy Corp,"El Dorado, Arkansas",33.20763,-92.6662674,79.29,1,1,0,0,1,1,0,0,0,23458999808,US26441C2044,Utilities,"Gas, Water & Multiutilities",US,0,352059,,23.63999939,60.69789886,85.48999786,460691,,,
DVA UN Equity,DaVita HealthCare Partners Inc,"Hartford, Connecticut",41.7655582,-72.69061266,73.95,0,1,1,0,1,1,0,0,0,13781837056,US23918K1088,Health Care,Health Care Equipment & Services,US,0,,,,,,,,,23.09900093
DVN UN Equity,Devon Energy Corp,"New York, New York",42.2792625,-71.416172,27.6,0,1,1,0,1,1,1,0,0,15058000128,US25179M1036,Oil & Gas,Oil & Gas Producers,US,0,,,,,,,,1009.210022,
EA UW Equity,Electronic Arts Inc,"Hillsboro, Oregon",45.5228939,-122.989827,63.93,0,1,0,0,0,1,0,0,0,4273000000,US2855121099,Consumer Goods,Leisure Goods,US,0,,,,,,,,,4.529200077
EBAY UW Equity,eBay Inc,"Waltham, Massachusetts",43.1561681,-75.8449946,24.1,0,1,0,1,0,1,0,0,0,13247999744,US2786421030,Consumer Services,General Retailers,US,0,164.1300049,,,,,716.3530273,2555.017822,229.2740021,166.6999969
ECL UN Equity,Ecolab Inc,"New York, New York",43.1561681,-75.8449946,110.73,1,1,0,1,1,1,1,0,0,13545100032,US2788651006,Basic Materials,Chemicals,US,0,7879.339844,5162.160156,24.24099922,1.103000045,73.57499695,2264,,253.9640045,
ED UN Equity,Consolidated Edison Inc,"Omaha, Nebraska",41.2587317,-95.9378732,75.97,1,1,0,0,1,1,1,0,0,12554000128,US2091151041,Utilities,Electricity,US,0,335367,,5.010000229,46.1072998,51.13180161,15269.7998,1310.72998,1193.349976,218.4360046
EFX UN Equity,Equifax Inc,"New York, New York",43.1561681,-75.8449946,113.78,0,1,0,0,0,1,0,0,0,2663600000,US2944291051,Financials,Financial Services,US,0,,,,,,,,,
EIX UN Equity,Edison International,"New York, New York",43.1561681,-75.8449946,70.2,1,1,0,0,1,1,1,0,0,11524000000,US2810201077,Utilities,Electricity,US,0,,,,,,,,1600,
EL UN Equity,Estee Lauder Cos Inc/The,"Pawtucket, Rhode Island",41.878711,-71.3825558,94.54,1,1,1,0,1,1,1,0,0,11064400128,US5184391044,Consumer Goods,Personal Goods,US,0,,,,13.70950031,16.63940048,,,62.80929947,7.347000122
EMC UN Equity,EMC Corp/MA,"Louisville, Kentucky",38.2542376,-85.759407,26.02,1,1,0,1,1,1,0,0,0,24703000576,US2686481027,Technology,Technology Hardware & Equipment,US,0,1264.719971,,3.804800034,2.111799955,18.86899948,1090.900024,,346.0899963,11.5
EMN UN Equity,Eastman Chemical Co,"Atlanta, Georgia",33.7490987,-84.3901849,71.19,0,1,0,1,1,1,0,0,0,9648000000,US2774321002,Basic Materials,Chemicals,US,0,,,,,,25284,,,
EMR UN Equity,Emerson Electric Co,"Islandia, New York",40.8042649,-73.1690019,52.87,0,1,0,1,1,1,0,0,0,21430000128,US2910111044,Industrials,Electronic & Electrical Equipment,US,0,,,,,,,,,
ENDP UW Equity,Endo International PLC,"Burbank, California",29.7589382,-95.3676974,29.07,0,0,0,0,0,1,0,0,0,3268718016,IE00BJ3V9050,Health Care,Pharmaceuticals & Biotechnology,IE,0,,,,,,,10.31400013,,19111.80078
EOG UN Equity,EOG Resources Inc,"Amsterdam,âè_Netherlands",52.3264009,4.739650991,71.45,1,1,1,1,1,1,0,0,0,8048251008,US26875P1012,Oil & Gas,Oil & Gas Producers,US,0,,,,,,,,159.1190033,
EQIX UW Equity,Equinix Inc,"Federal Way, Washington",42.1167065,-86.4541894,325.81,0,1,0,1,1,1,0,0,0,2725867072,US29444U7000,Financials,Real Estate Investment Trusts,US,0,,,,,,,1433,,215.1535034
EQR UN Equity,Equity Residential,"Golden Valley, Minnesota",45.0020097,-93.3585273,73.9,0,1,1,0,1,1,0,0,0,2744965056,US29476L1070,Financials,Real Estate Investment Trusts,US,0,,,,,,,602.289978,,284
EQT UN Equity,EQT Corp,"Houston, Texas",29.7589382,-95.3676974,65.13,0,1,0,0,1,1,1,0,0,2039698016,US26884L1098,Oil & Gas,Oil & Gas Producers,US,0,6174.632324,,,,,78.18669891,2272.991943,,171
ES UN Equity,Eversource Energy,"New York, New York",43.1561681,-75.8449946,56.8,1,1,0,1,1,1,1,0,0,7954827008,US30040W1080,Utilities,Electricity,US,0,,,30.21820068,2.618200064,37.40000153,6936.470215,46.00500107,614.9099731,3361.48999
ESRX UW Equity,Express Scripts Holding Co,"Houston, Texas",29.7589382,-95.3676974,70.05,0,0,0,0,0,1,0,0,0,1.02E+11,US30219G1085,Health Care,Health Care Equipment & Services,US,0,,,,,,,,,
ESS UN Equity,Essex Property Trust Inc,"San Antonio, Texas",37.442156,-122.1634472,230.6,0,0,0,0,0,1,0,0,0,1194406944,US2971781057,Financials,Real Estate Investment Trusts,US,0,,,,,,,,,28.11599922
ETFC UW Equity,E*TRADE Financial Corp,"White Plains, New York",42.3604823,-71.0595678,22.95,0,1,0,0,0,1,0,0,0,1557000000,US2692464017,Financials,Financial Services,US,0,,,,,,,510.519989,,288.7000122
ETN UN Equity,Eaton Corp PLC,"Marlborough, Massachusetts[4]",42.12029425,-73.26821971,59.48,0,1,0,1,1,1,0,0,0,20855000064,IE00B8KQN827,Industrials,General Industrials,IE,0,3800,,20.39999962,145.8000031,181,1927,980.78302,670,248
ETR UN Equity,Entergy Corp,"Bethpage, New York",40.7442664,-73.4820687,77.19,1,1,0,0,1,1,0,0,0,11513250304,US29364G1031,Utilities,Electricity,US,0,,,,,,42640.80078,,5316.459961,
EW UN Equity,Edwards Lifesciences Corp,"Newton, Massachusetts",43.1561681,-75.8449946,105.25,0,1,0,0,1,1,0,0,0,2493700096,US28176E1082,Health Care,Health Care Equipment & Services,US,0,310,,,0.735000014,1.986999989,,63930,,52.7820015
EXC UN Equity,Exelon Corp,"Woonsocket, Rhode Island",42.0028761,-71.5147839,34.35,1,1,0,1,1,1,1,0,0,29447000064,US30161N1019,Utilities,Electricity,US,0,52426300,44127400,,26.05450058,,88591.29688,2074.330078,6519,188.5
EXPD UW Equity,Expeditors International of Washington I,"San Diego, California",32.88101605,-117.2311636,47.35,0,1,0,0,1,1,0,0,0,6616632064,US3021301094,Industrials,Industrial Transportation,US,0,,,,,,,39358.19922,,67.79299927
EXPE UW Equity,Expedia Inc,"Atlanta, Georgia",41.0534302,-73.5387341,103.57,0,0,0,1,0,1,0,0,0,6672316928,US30212P3038,Consumer Services,Travel & Leisure,US,0,,,,,,,46600,,57.95199966
EXR UN Equity,Extra Space Storage Inc,"Austin, Texas",36.1556805,-95.9929113,92.7,,,0,,,,,0,0,782270000,US30225T1025,Financials,Real Estate Investment Trusts,US,0,,,,,,,13.79100037,,15779.07422
F UN Equity,Ford Motor Co,"Richmond, Virginia",37.5385087,-77.43428,12.52,1,1,0,1,1,1,1,0,0,1.50E+11,US3453708600,Consumer Goods,Automobiles & Parts,US,0,25100,11400,39.09999847,,,14940,,,
FAST UW Equity,Fastenal Co,"Jacksonville, Florida",30.3321838,-81.655651,46.72,0,0,0,0,1,1,0,0,0,3869187008,US3119001044,Industrials,Support Services,US,0,,,,,,,17.02499962,,13450.90039
FB UW Equity,Facebook Inc,"San Francisco, California",43.1561681,-75.8449946,113.64,1,0,0,0,1,1,0,0,0,17927000064,US30303M1027,Technology,Software & Computer Services,US,0,757.1170044,,,,,1035,,438.2399902,
FCX UN Equity,Freeport-McMoRan Inc,"Sunnyvale, California",37.3688301,-122.0363496,8.85,1,1,1,1,1,1,1,0,0,15876999936,US35671D8570,Basic Materials,Industrial Metals & Mining,US,278250,1325000,44000,226,86,560371,25000,,4300,7.612999916
FDX UN Equity,FedEx Corp,"Camden, New Jersey",39.93935085,-75.13303932,161.28,1,1,1,1,1,1,1,0,0,49500000256,US31428X1063,Industrials,Industrial Transportation,US,0,,,63.31000137,140.9199982,204.2299957,58000.30078,378,970.9810181,385.1159973
FE UN Equity,FirstEnergy Corp,"Austin, Minnesota",43.6680928,-92.9744896,34.76,1,1,0,0,1,1,1,0,0,15025999872,US3379321074,Utilities,Electricity,US,0,,,,,,,3100,,122.4440002
FFIV UW Equity,F5 Networks Inc,"Atlanta, Georgia",33.7490987,-84.3901849,97.72,0,1,0,0,1,1,0,0,0,1946516000,US3156161024,Technology,Technology Hardware & Equipment,US,0,,,0.111400001,0.079400003,0.199699998,26.58469963,183.0399933,7.521900177,556.6530151
FIS UN Equity,Fidelity National Information Services I,"Baltimore, Maryland",39.2908608,-76.6108073,63.89,0,1,0,0,0,1,0,0,0,6595200000,US31620M1062,Industrials,Support Services,US,0,,,,,,,,,
FISV UW Equity,Fiserv Inc,"New York, New York",43.1561681,-75.8449946,100.3,0,1,0,0,0,1,0,0,0,5254000000,US3377381088,Industrials,Support Services,US,0,,,,,,,17600,,82.55400085
FITB UW Equity,Fifth Third Bancorp,"Cincinnati, Ohio",39.1014537,-84.5124602,16.13,1,0,0,0,1,1,0,0,0,7032000128,US3167731005,Financials,Banks,US,0,,,,,,,,247.4259949,
FL UN Equity,Foot Locker Inc,"Merrillville, Indiana",41.4828144,-87.3328139,62.37,0,1,0,0,0,1,0,0,0,7412000128,US3448491049,Consumer Services,General Retailers,US,0,,,,,,,10,,22244.24609
FLIR UW Equity,FLIR Systems Inc,"Dublin, Ireland",40.9039878,-74.118476,32.12,0,1,0,0,0,1,0,0,0,1557067008,US3024451011,Industrials,Aerospace & Defense,US,0,,,,,,,,,
FLR UN Equity,Fluor Corp,"New York, New York",43.1561681,-75.8449946,51.04,0,1,0,1,1,1,0,0,0,18114066432,US3434121022,Industrials,Construction & Materials,US,0,,,,,,,13660,54.10599899,89.22499847
FLS UN Equity,Flowserve Corp,"Memphis, Tennessee",35.1490215,-90.0516285,42.12,0,1,1,1,1,1,0,0,0,4561030144,US34354P1057,Industrials,Industrial Engineering,US,0,,,3.5,10,13.57999992,310.1256104,,,
FMC UN Equity,FMC Corp,"Dublin, Ohio",40.0992294,-83.1140771,36.9,1,1,0,1,1,1,1,0,0,3276500032,US3024913036,Basic Materials,Chemicals,US,0,21433,,,8.260000229,29.60000038,8250.5,2922,,148
FOX UW Equity,Twenty-First Century Fox Inc,"New York, New York",42.3750997,-71.1056157,28.82,0,1,0,0,0,1,0,0,0,26497000448,US90130A2006,Consumer Services,Media,US,0,,,,,,,,473.6530151,
FOXA UW Equity,Twenty-First Century Fox Inc,"Perrysburg, Ohio",41.556996,-83.627157,28.55,0,1,0,0,0,1,0,0,0,26497000448,US90130A1016,Consumer Services,Media,US,0,,,,,,,,473.6530151,
FRT UN Equity,Federal Realty Investment Trust,"Jersey City, New Jersey",43.1561681,-75.8449946,155.86,0,0,0,0,0,1,0,0,0,744012000,US3137472060,Financials,Real Estate Investment Trusts,US,0,,,,,,,203.8769989,,487.0820007
FSLR UW Equity,First Solar Inc,"Fremont, California",37.5482697,-121.9885719,61.26,0,1,0,1,1,1,1,0,0,3578995040,US3364331070,Oil & Gas,Alternative Energy,US,2820,2820,1410,,16.48999977,21.54000092,608.8319702,,320.302002,
FTI UN Equity,FMC Technologies Inc,"New York, New York",43.1561681,-75.8449946,26.8,0,0,0,0,0,1,0,0,0,6362699904,US30249U1016,Oil & Gas,"Oil Equipment, Services & Distribution",US,0,,,,,,,,,
FTR UW Equity,Frontier Communications Corp,"New York, New York",43.1561681,-75.8449946,5.34,0,1,0,1,0,1,0,0,0,5576000000,US35906A1088,Telecommunications,Fixed Line Telecommunications,US,0,,,,,,,,,
GAS UN Equity,AGL Resources Inc,"New York, New York",43.1561681,-75.8449946,65.24,0,1,0,0,0,1,0,0,0,3940999936,US0012041069,Utilities,"Gas, Water & Multiutilities",US,0,50000,,,,,69.23600006,,,
GD UN Equity,General Dynamics Corp,"Los Angeles, California",34.07088865,-118.4467319,131.39,0,1,0,1,0,1,0,0,0,31468999680,US3695501086,Industrials,Aerospace & Defense,US,0,,,,,,,,,34.65399933
GE UN Equity,General Electric Co,"Harrison, New York",41.0307962,-73.7189266,30.63,1,1,0,1,1,1,1,0,0,1.25E+11,US3696041033,Industrials,General Industrials,US,0,84867,,159.0899963,84.38999939,369.1099854,14540,,3019,
GGP UN Equity,General Growth Properties Inc,"Milpitas, California",37.4282724,-121.9066238,28.76,0,1,0,0,1,1,0,0,0,2404081984,US3700231034,Financials,Real Estate Investment Trusts,US,0,10550,,99.69999695,33.5,148,1227.194946,,607,
GILD UW Equity,Gilead Sciences Inc,"Fort Worth, Texas",32.753177,-97.3327459,95.57,0,0,0,0,0,1,0,0,0,32638999552,US3755581036,Health Care,Pharmaceuticals & Biotechnology,US,0,,,,,,,,34.56700134,
GIS UN Equity,General Mills Inc,"New York, New York",43.1561681,-75.8449946,63.12,1,1,1,1,1,1,1,0,0,16934000128,US3703341046,Consumer Goods,Food Producers,US,0,15800,,,,193,2894.47998,,681,
GLW UN Equity,Corning Inc,"Richfield, Minnesota",44.8766431,-93.2877877,20.66,1,1,0,0,1,1,0,0,0,9111000064,US2193501051,Technology,Technology Hardware & Equipment,US,0,,,,,,118,358000,908.8170166,50.88499832
GM UN Equity,General Motors Co,"Fort Worth, Texas",32.753177,-97.3327459,29.42,1,1,1,0,1,1,1,0,0,1.52E+11,US37045V1008,Consumer Goods,Automobiles & Parts,US,41983,60593.39844,45300,300,2040,2401,21382,5,5751.939941,41763
GOOG UW Equity,GameStop Corp,"Schaffhausen, Switzerland",36.1351245,-94.09296855,29.12,0,1,0,0,0,1,0,0,0,9363800064,US36467W1099,Consumer Services,General Retailers,US,0,,,,,,4402.839844,4600,,110.310997
GOOGL UW Equity,Alphabet Inc,"New York, New York",43.1561681,-75.8449946,740.28,0,1,1,0,1,1,0,0,0,74989000704,US02079K1079,Technology,Software & Computer Services,US,0,,,,,,4402.839844,,2198.820068,31.63100052
GPC UN Equity,Alphabet Inc,"Memphis, Tennessee",35.1490215,-90.0516285,760.12,0,1,1,0,1,1,0,0,0,74989000704,US02079K3059,Technology,Software & Computer Services,US,0,,,,,,,24.59499931,2198.820068,9479.999023
GPN UN Equity,Genuine Parts Co,"Sandy Springs, Georgia",33.9242688,-84.3785379,96.91,0,1,0,0,0,1,0,0,0,15280043776,US3724601055,Consumer Goods,Automobiles & Parts,US,0,,,,,,,,,21.79999924
GPS UN Equity,Gap Inc/The,"Peoria, Illinois",40.6938609,-89.5891008,27.68,1,1,1,1,1,1,0,0,0,15796999680,US3647601083,Consumer Services,General Retailers,US,0,1190,,,,,1168,125.5039978,468.5840149,990
GRMN UW Equity,Garmin Ltd,"Irvine, California",39.6482059,-104.9879641,39.57,0,1,0,0,0,1,0,0,0,2820272000,CH0114405324,Technology,Technology Hardware & Equipment,CH,0,,,,,,,,,
GS UN Equity,Goldman Sachs Group Inc/The,"San Diego, California",32.88101605,-117.2311636,150.41,1,1,0,1,1,1,0,0,0,39208001024,US38141G1040,Financials,Financial Services,US,1062.530029,1062.530029,,1.185299993,51.6637001,55.71500015,577.3950195,260.6659851,242.2279968,414.3909912
GT UW Equity,Goodyear Tire & Rubber Co/The,"Melbourne, Florida",28.0836269,-80.6081089,31.14,0,1,0,1,1,1,1,0,0,16443000064,US3825501014,Consumer Goods,Automobiles & Parts,US,0,,,0,,,,,,
GWW UN Equity,WW Grainger Inc,"Summit, New Jersey",40.7182356,-74.3592296,229.97,1,1,0,0,1,1,0,0,0,9973384192,US3848021040,Industrials,Support Services,US,0,637.1710205,,,,,,,,8.831000328
HAL UN Equity,Halliburton Co,"Houston, Texas",29.7589382,-95.3676974,36.25,0,1,0,1,1,1,0,0,0,23632999936,US4062161017,Oil & Gas,"Oil Equipment, Services & Distribution",US,0,2179000,,,,52.27999878,33579,132,317,982.3040161
HAR UN Equity,Harman International Industries Inc,"Denver, Colorado",39.7391536,-104.9847034,81.88,0,1,0,1,0,1,0,0,0,6545870976,US4130861093,Consumer Goods,Leisure Goods,US,0,227.0010071,,,8.090000153,9.647000313,110.7608032,40.94400024,47.1609993,4100
HAS UW Equity,Hasbro Inc,"Waltham, Massachusetts",42.3756401,-71.2358004,78.46,0,0,0,0,0,1,0,0,0,4447508992,US4180561072,Consumer Goods,Leisure Goods,US,0,51.48400116,,,6.402699947,7.982699871,62.96889877,,16.90399933,
HBAN UW Equity,Huntington Bancshares Inc/OH,"San Diego, California",32.88101605,-117.2311636,9.3,0,1,0,0,0,1,0,0,0,3153251008,US4461501045,Financials,Banks,US,0,,,,,,,,,
HBI UN Equity,Hanesbrands Inc,"Zurich, Switzerland",47.3685586,8.5404434,27.87,0,1,0,1,1,1,0,0,0,5731548928,US4103451021,Consumer Goods,Personal Goods,US,0,9596.459961,,,18.53989983,26.00270081,1058.400024,,,
HCA UN Equity,HCA Holdings Inc,"Dublin,âè_Ireland",53.3497645,-6.2602732,78.84,0,1,0,0,0,1,0,0,0,39678000128,US40412C1018,Health Care,Health Care Equipment & Services,US,0,,,,,,,,,
HCN UN Equity,Welltower Inc,"Raleigh, North Carolina",35.7804015,-78.6390779,68.77,0,1,0,0,1,1,0,0,0,3859827072,US95040Q1040,Financials,Real Estate Investment Trusts,US,0,1070.560059,,17.67900085,2.190000057,,301.8330078,,155.8869934,
HCP UN Equity,HCP Inc,"Houston, Texas",29.7589382,-95.3676974,34.04,1,1,0,1,1,1,0,0,0,2544312000,US40414L1098,Financials,Real Estate Investment Trusts,US,0,5605.680176,,18.80879974,3.77850008,34.34999847,868.8439941,637.5499878,254.3099976,271.3599854
HD UN Equity,Home Depot Inc/The,"Santa Clara, California",37.3541132,-121.9551744,133.87,0,1,0,0,1,1,0,0,0,88519002112,US4370761029,Consumer Services,General Retailers,US,0,,,,,,,,2249.709961,13.64599991
HES UN Equity,Hess Corp,"Norwood, Massachusetts",42.194543,-71.1994976,52.9,1,1,0,1,1,1,1,0,0,6636000000,US42809H1077,Oil & Gas,Oil & Gas Producers,US,0,10237.59961,6000,,76.2460022,189.3000031,9562.780273,,640,
HIG UN Equity,Hartford Financial Services Group Inc/Th,"Houston, Texas",45.0269101,-93.0877197,45.12,0,1,0,0,0,1,0,0,0,18376999936,US4165151048,Financials,Nonlife Insurance,US,0,4600.25,2005.000122,,1.70599997,,230.7050018,,51.26499939,
HOG UN Equity,Harley-Davidson Inc,"St Louis, Missouri",38.6272733,-90.1978889,44.5,1,1,0,0,1,1,0,0,0,5995401984,US4128221086,Consumer Goods,Automobiles & Parts,US,0,294.598999,,1.152099967,12.49400043,14.58399963,401.0716858,,128.9259949,
HOLX UW Equity,Hologic Inc,"Cayce, South Carolina",33.938553,-81.07166836,35.25,0,1,0,0,0,1,0,0,0,2747400064,US4364401012,Health Care,Health Care Equipment & Services,US,0,,,,,,,,,
HON UN Equity,Honeywell International Inc,"Glenview, Illinois",42.0700662,-87.8114044,111.67,0,1,0,1,1,1,1,0,0,38580999168,US4385161066,Industrials,General Industrials,US,0,,,,,,10800.29492,,1756.275146,
HOT UN Equity,Starwood Hotels & Resorts Worldwide Inc,"Juno Beach, Florida",26.8797819,-80.0533743,78.17,0,1,1,1,1,1,0,0,0,5762999936,US85590A4013,Consumer Services,Travel & Leisure,US,0,81077.79688,,,,,5964.5,4.75,2450.199951,47752.19922
HP UN Equity,Helmerich & Payne Inc,"New York, New York",43.1561681,-75.8449946,56.17,0,1,0,0,0,1,0,0,0,2596703072,US4234521015,Oil & Gas,"Oil Equipment, Services & Distribution",US,0,,,,,,,,,
HPE UN Equity,Hewlett Packard Enterprise Co,"Voorhees, New Jersey",40.4812157,-74.4832088,17.74,1,1,0,1,1,1,1,0,0,52107001856,US42824C1099,Technology,Software & Computer Services,US,0,7524,,,,69.66999817,3852,,1456.900024,
HPQ UN Equity,HP Inc,"Beverly, Massachusetts",42.5584284,-70.8800491,11.99,1,1,0,1,1,1,1,0,0,88761999360,US40434L1052,Technology,Technology Hardware & Equipment,US,0,7431,1335,55.61600113,,69.66999817,3852,,1456.900024,6.224999905
HRB UN Equity,H&R Block Inc,"Denver, Colorado",39.7391536,-104.9847034,24.76,0,0,0,0,0,1,0,0,0,3042046120,US0936711052,Consumer Services,General Retailers,US,0,,,,,,,1701.170044,,194.6990051
HRL UN Equity,Hormel Foods Corp,"North Kansas City, Missouri",39.22024035,-94.5013295,42.19,0,1,0,0,1,1,0,0,0,9161462016,US4404521001,Consumer Goods,Food Producers,US,0,22125,7244,29,27,147,3033,,599,
HRS UN Equity,Harris Corp,"New York, New York",43.1561681,-75.8449946,76.33,0,1,0,0,0,1,0,0,0,6375500032,US4138751056,Technology,Technology Hardware & Equipment,US,0,,,,,,,,,
HSIC UW Equity,Henry Schein Inc,"Dallas, Texas",39.6428362,-84.2866083,168.6,0,1,0,0,1,1,0,0,0,10629718784,US8064071025,Health Care,Health Care Equipment & Services,US,0,,,,,,,,,
HST UN Equity,Host Hotels & Resorts Inc,"Charlotte, North Carolina",35.2270869,-80.8431268,15.29,0,1,0,1,1,1,0,0,0,5386999936,US44107P1049,Financials,Real Estate Investment Trusts,US,0,13968.10059,,,,,1637.911987,,425.2130127,
HSY UN Equity,Hershey Co/The,"Monroe, Louisiana",32.5093109,-92.1193012,91.04,0,1,0,0,1,1,0,0,0,7386625920,US4278661081,Consumer Goods,Food Producers,US,0,14917.48145,1632.25,,,42.18899918,,,227.7680054,
HUM UN Equity,Humana Inc,"Eden Prairie, MN",44.8450875,-93.42369397,172.58,0,0,0,0,1,1,0,0,0,54289000448,US4448591028,Health Care,Health Care Equipment & Services,US,0,,,2.512000084,5.68900013,8.288999557,82.32219696,,130.9830017,
IBM UN Equity,International Business Machines Corp,"Atlanta, Georgia",33.7490987,-84.3901849,148.25,1,1,0,0,1,1,1,0,0,81742000128,US4592001014,Technology,Software & Computer Services,US,0,10152,,12.72490025,83.80770111,110.7289963,6173.399902,,1882.01001,
ICE UN Equity,Intercontinental Exchange Inc,"Highlands Ranch, Colorado",39.2908608,-76.6108073,234.51,0,1,0,0,0,1,0,0,0,3338000000,US45866F1049,Financials,Financial Services,US,0,,,,,,,,,
IFF UN Equity,International Flavors & Fragrances Inc,"San Ramon, California",37.7799273,-121.9780153,116.64,0,1,0,1,1,1,1,0,0,3023188992,US4595061015,Basic Materials,Chemicals,US,0,5584.149902,,,,,786.4370117,,133.6080017,
ILMN UW Equity,Illumina Inc,"San Francisco, California",41.6786754,-83.5127283,168.21,0,0,0,0,0,1,0,0,0,2219761984,US4523271090,Health Care,Pharmaceuticals & Biotechnology,US,0,,,,,,,,,6.381999969
INTC UW Equity,Intel Corp,"St. Louis, Missouri",38.6272733,-90.1978889,31.55,1,1,0,1,1,1,1,0,0,55354999808,US4581401001,Technology,Technology Hardware & Equipment,US,0,46388.55469,24273.16797,40.90000153,131.1999969,176.5,5820,7.888999939,2339,30675
INTU UW Equity,Intuit Inc,"Schaffhausen, Switzerland",47.6960491,8.634513,103.17,0,1,1,1,1,1,0,0,0,4525999872,US4612021034,Technology,Software & Computer Services,US,0,113.5680008,,,0.2764,0.641200006,99,,33.26900101,
IP UN Equity,International Paper Co,"Boston, Massachusetts",42.3604823,-71.0595678,39.6,0,1,0,1,1,1,1,0,0,22364999680,US4601461035,Basic Materials,Forestry & Paper,US,0,884982,841958.4375,1183.569946,1583.52002,2767,140553,,6061.359863,
IPG UN Equity,Interpublic Group of Cos Inc/The,"Houston, Texas",29.7589382,-95.3676974,22.76,0,1,0,1,1,1,0,0,0,7613799936,US4606901001,Consumer Services,Media,US,0,,,,,,,54.9090004,,2352.25
IR UN Equity,Ingersoll-Rand PLC,"Oklahoma City, Oklahoma",35.4729886,-97.5170536,59.6,1,1,0,1,1,1,0,0,0,13300699904,IE00B6330302,Industrials,Industrial Engineering,IE,0,4011.383057,605.6660156,7.153999805,23.25200081,31.36000061,926.3720093,4.580999851,243.2519989,56000
IRM UN Equity,Iron Mountain Inc,"Little Canada, Minnesota",41.68174355,-72.78814643,32.28,0,1,0,1,1,1,0,0,0,3007976064,US46284V1017,Financials,Real Estate Investment Trusts,US,0,,,,,,525.3660278,25.32500076,162.1029968,8793
ISRG UW Equity,Intuitive Surgical Inc,"San Antonio, Texas",32.9862442,-96.75109557,614.78,0,1,0,0,0,1,0,0,0,2384399904,US46120E6023,Health Care,Health Care Equipment & Services,US,0,,,,,,,,,0.924000025
ITW UN Equity,Illinois Tool Works Inc,"San Francisco, California",37.76262625,-122.458515,102.56,0,1,0,0,1,1,0,0,0,13404999936,US4523081093,Industrials,Industrial Engineering,US,0,,,,50.06299973,82.60299683,1384.189941,,710,
IVZ UN Equity,Invesco Ltd,"San Francisco, California",37.76262625,-122.458515,29.6,0,1,0,0,0,1,0,0,0,5122899968,BMG491BT1088,Financials,Financial Services,BM,0,,,,,,,182.3130035,,642.0009766
JBHT UW Equity,JB Hunt Transport Services Inc,"Cambridge, Massachusetts",36.0726355,-79.7919754,82.71,0,1,0,0,0,1,0,0,0,6187645952,US4456581077,Industrials,Industrial Transportation,US,0,,,,,,,16120,,84.70200348
JCI UN Equity,Johnson Controls Inc,"Denver, Colorado",39.7391536,-104.9847034,37.83,1,1,0,1,1,1,0,0,0,36483999744,US4783661071,Consumer Goods,Automobiles & Parts,US,0,,824.5900269,,,506.7669983,5525.379883,,1538.22998,13.74699974
JEC UN Equity,Jacobs Engineering Group Inc,"Seattle, Washington",47.6038321,-122.3300624,40.99,0,1,0,1,1,1,0,0,0,11775761152,US4698141078,Industrials,Construction & Materials,US,0,,,,,,,,,
JNJ UN Equity,Johnson & Johnson,"Allentown, Pennsylvania",40.6022059,-75.4712794,109.27,1,1,0,1,1,1,1,0,0,70073999360,US4781601046,Health Care,Pharmaceuticals & Biotechnology,US,0,10980,7840,24.63299942,18.90999985,173.1000061,3501.439941,12.7215004,,15880
JNPR UN Equity,Juniper Networks Inc,"Atlanta, Georgia",33.7490987,-84.3901849,24.94,0,1,0,1,1,1,0,0,0,4857800128,US48203R1041,Technology,Technology Hardware & Equipment,US,0,,,,,,238.7055054,,75.63800049,
JPM UN Equity,JPMorgan Chase & Co,"San Jose, California",37.3361905,-121.8905833,57.32,1,1,0,1,1,1,0,0,0,1.01E+11,US46625H1005,Financials,Banks,US,0,6046,,,31.49500084,32.36899948,2452.02002,,1073.550049,12.94299984
JWN UN Equity,Nordstrom Inc,"Bellevue, Washington",47.6144219,-122.1923372,52.45,0,1,1,1,1,1,0,0,0,14437999872,US6556641008,Consumer Services,General Retailers,US,0,,,,,,,12,,16786
K UN Equity,Kellogg Co,"Ewing, New Jersey",40.2701461,-74.7781509,77.11,1,1,0,1,1,1,0,0,0,13524999936,US4878361082,Consumer Goods,Food Producers,US,0,12900,,19.32999992,,,3827.780029,,,11.90799999
KEY UN Equity,KeyCorp,"Houston, Texas",29.7589382,-95.3676974,10.66,0,1,0,0,1,1,0,0,0,4502000064,US4932671088,Financials,Banks,US,0,534.3519897,,1.710999966,5.091899872,6.081999779,202.5549927,,62.69400024,
KHC UW Equity,Kraft Heinz Co/The,"Minneapolis, Minnesota",41.1175966,-73.4078968,77.5,,1,0,0,,1,,0,0,27203999744,US5007541064,Consumer Goods,Food Producers,US,0,,,,,,,4363,,118
KIM UN Equity,Kimco Realty Corp,"Fairfield, Ohio",39.7886111,-82.6418883,28.09,1,1,0,0,1,1,0,0,0,1166769024,US49446R1095,Financials,Real Estate Investment Trusts,US,0,6046.490234,,251.7330017,60.31200027,312.0450134,140.3150024,,62.79999924,
KLAC UW Equity,KLA-Tencor Corp,"New York, New York",43.1561681,-75.8449946,72.11,0,1,1,1,1,1,0,0,0,2847680000,US4824801009,Technology,Technology Hardware & Equipment,US,0,,,,,,,,,
KMB UN Equity,Kimberly-Clark Corp,"Denver, Colorado",39.7391536,-104.9847034,136.65,1,1,0,1,1,1,1,0,0,18590999552,US4943681035,Consumer Goods,Personal Goods,US,0,94575.89844,,202.8600006,236.9819946,1260.47998,16816.80078,,2712.679932,
KMI UN Equity,Kinder Morgan Inc/DE,"New York, New York",43.1561681,-75.8449946,17.53,0,1,0,1,0,1,1,0,0,14403000064,US49456B1017,Oil & Gas,"Oil Equipment, Services & Distribution",US,0,,,,,,,,,17.05400085
KMX UN Equity,CarMax Inc,"Springdale, Arkansas",39.5538771,-104.9694264,49.48,0,1,0,0,0,1,0,0,0,15149675008,US1431301027,Consumer Services,General Retailers,US,0,,,,,,,,,
KO UN Equity,Coca-Cola Co/The,"Boca Raton, Florida",26.3743445,-80.1027235,46.36,1,1,0,1,1,1,1,0,0,44294000640,US1912161007,Consumer Goods,Beverages,US,0,65835.79688,,,308.4129944,341.6260071,4638.609863,,,
KORS UN Equity,Michael Kors Holdings Ltd,"Milwaukee, Wisconsin",37.76262625,-122.458515,53.74,0,1,0,0,0,1,0,0,0,4594419136,VGG607541015,Consumer Goods,Personal Goods,VG,0,,,,,,,9710.5,,100.7649994
KR UN Equity,Kroger Co/The,"New York, New York",43.1561681,-75.8449946,38.17,0,1,1,1,1,1,0,0,0,1.10E+11,US5010441013,Consumer Services,Food & Drug Retailers,US,0,,,,,,7000,,4807.119629,
KSS UN Equity,Kohl's Corp,"Mason, Ohio",39.3600586,-84.309939,43.99,0,1,1,1,1,1,0,0,0,19203999744,US5002551043,Consumer Services,General Retailers,US,0,3331.310059,,,136.6909943,163.1159973,1430,,767.7180176,43.18099976
KSU UN Equity,Kansas City Southern,"Arlington, Virginia",38.87318445,-77.07093294,85.27,0,1,0,0,1,1,0,0,0,2418800064,US4851703029,Industrials,Industrial Transportation,US,0,,,,,,,2900,,148.6999969
L UN Equity,Loews Corp,"Princeton, New Jersey",40.3492744,-74.6592958,37.52,0,1,0,0,0,1,0,0,0,13415000064,US5404241086,Financials,Nonlife Insurance,US,0,,,,,,,3.960999966,,60000
LB UN Equity,L Brands Inc,"Oakland, California",37.79866305,-122.2631715,84.15,1,1,1,1,1,1,1,0,0,12154039040,US5017971046,Consumer Services,General Retailers,US,0,,,,,,,,353.3770142,
LEG UN Equity,Leggett & Platt Inc,"Providence, Rhode Island",41.8239891,-71.4128343,48.32,0,0,0,0,1,1,0,0,0,3917200000,US5246601075,Consumer Goods,Household Goods & Home Construction,US,0,,,,,,,,360.7969971,
LEN UN Equity,Lennar Corp,"Chicago, Illinois",41.86898915,-87.64856246,47.64,1,1,0,0,0,1,0,0,0,9823532800,US5260571048,Consumer Goods,Household Goods & Home Construction,US,0,,,,,,,,,2.924999952
LH UN Equity,Laboratory Corp of America Holdings,"Redwood Shores, California",37.5318804,-122.2480219,118.46,0,1,0,1,0,1,0,0,0,8680099968,US50540R4092,Health Care,Health Care Equipment & Services,US,0,,,,,,,,,9.430000305
LLL UN Equity,L-3 Communications Holdings Inc,"Baltimore, Maryland",44.9772995,-93.2654692,119.03,0,1,0,1,0,1,0,0,0,11193999872,US5024241045,Industrials,Aerospace & Defense,US,0,,,,,,,,,
LLTC UW Equity,Linear Technology Corp,"Tarrytown, New York",41.0762077,-73.8587461,43.99,0,1,0,0,0,1,0,0,0,1440548992,US5356781063,Technology,Technology Hardware & Equipment,US,0,,,,,,,,,
LLY UN Equity,Eli Lilly & Co,"Fort Lauderdale, Florida",26.1223084,-80.1433786,74.59,1,1,0,1,1,1,1,0,0,19958700032,US5324571083,Health Care,Pharmaceuticals & Biotechnology,US,0,13400,,17.5,176.1999969,242,3175.199951,33836.60156,1100,81
LM UN Equity,Legg Mason Inc,"Norfolk, Virginia",36.8418147,-76.1917815,31.33,1,1,0,0,1,1,0,0,0,2743638976,US5249011058,Financials,Financial Services,US,0,,,,,,,33.4620018,4.410999775,5358.75
LMT UN Equity,Lockheed Martin Corp,"Kansas City, Missouri",39.0844687,-94.5630298,226.48,1,1,0,1,1,1,1,0,0,46131999744,US5398301094,Industrials,Aerospace & Defense,US,0,4334.490234,,13462.7998,,23.98399925,2543.300049,,866.684021,
LNC UN Equity,Lincoln National Corp,"Chicago, Illinois",41.86898915,-87.64856246,37.37,0,1,0,0,1,1,0,0,0,13572999936,US5341871094,Financials,Life Insurance,US,0,0.0559,,3.232000113,1.230999947,5.880000114,93.06900024,,15.56200027,
LOW UN Equity,Lowe's Cos Inc,"Jackson, Michigan",42.2465036,-84.4016963,75.35,0,1,1,0,1,1,1,0,0,59073000448,US5486611073,Consumer Services,General Retailers,US,0,,,300.4339905,395.4670105,,,,2960,
LRCX UW Equity,Lam Research Corp,"Greensboro, North Carolina",43.1561681,-75.8449946,81.22,0,0,0,0,1,1,0,0,0,5900279936,US5128071082,Technology,Technology Hardware & Equipment,US,0,,,,,,,,,
LUK UN Equity,Leucadia National Corp,"West Falls Church, Virginia",38.8656969,-77.201138,15.53,0,1,0,0,0,1,0,0,0,10807640064,US5272881047,Consumer Goods,Food Producers,US,0,,,,,,,,,
LUV UN Equity,Southwest Airlines Co,"Chesapeake, Virginia",36.8190369,-76.2749399,43.65,1,1,1,1,1,1,0,0,0,19820000256,US8447411088,Consumer Services,Travel & Leisure,US,0,314.20401,,0.514999986,0.532400012,,69914.29688,,51.22800064,
LVLT UN Equity,Level 3 Communications Inc,"Philadelphia, Pennsylvania",36.0726355,-79.7919754,51.25,0,1,0,0,0,1,0,0,0,8228999808,US52729N3089,Telecommunications,Fixed Line Telecommunications,US,0,,,,,,,,,38.05500031
LYB UN Equity,LyondellBasell Industries NV,"North Chicago, Illinois",41.86898915,-87.64856246,84.39,0,1,0,1,1,1,0,0,0,32735000064,NL0009434992,Basic Materials,Chemicals,NL,0,147000,,,,1700,92500,184,,520
M UN Equity,Macy's Inc,"Tysons Corner, Virginia",38.918592,-77.2314723,40.62,0,1,0,0,1,1,0,0,0,27079000064,US55616P1049,Consumer Services,General Retailers,US,0,,,,83.83000183,,,,,16.82900047
MA UN Equity,MasterCard Inc,"New Hyde Park, New York",40.7351019,-73.6879082,93.51,0,1,0,1,1,1,0,0,0,9667000064,US57636Q1040,Financials,Financial Services,US,0,,,,,,,60.07970047,,2204.278076
MAC UN Equity,Macerich Co/The,"Dublin, Ireland",53.3497645,-6.2602732,78.97,0,1,1,0,1,1,0,0,0,1288149024,US5543821012,Financials,Real Estate Investment Trusts,US,0,,,,12.25199986,35.48400116,691.5576172,,99.70200348,
MAR UW Equity,Marriott International Inc/MD,"Springfield, Massachusetts",42.1070383,-72.6203675,65.53,0,1,0,1,1,1,1,0,0,14485999616,US5719032022,Consumer Services,Travel & Leisure,US,0,64350,,,,,9310,,3101.736084,31.32979965
MAS UN Equity,Masco Corp,"Santa Clara, California",37.3541132,-121.9551744,31.4,0,0,0,0,0,1,0,0,0,7501000064,US5745991068,Industrials,Construction & Materials,US,0,1453.664429,,,126.8779984,175.4830017,1174.518921,,297.3640137,3.601000071
MAT UW Equity,Mattel Inc,"Atlanta, Georgia",33.7490987,-84.3901849,32.44,0,1,1,0,1,1,0,0,0,5702568960,US5770811025,Consumer Goods,Leisure Goods,US,0,,,,,,,8376,212.3390045,105.1330032
MCD UN Equity,McDonald's Corp,"Radnor, Pennsylvania",40.02897395,-75.36801418,128.14,1,1,1,1,1,1,1,0,0,25413000192,US5801351017,Consumer Services,Travel & Leisure,US,0,,,,,,2983,,1775,
MCHP UW Equity,Microchip Technology Inc,"Milpitas, California",37.4282724,-121.9066238,47.88,1,0,0,1,0,1,0,0,0,2158893952,US5950171042,Technology,Technology Hardware & Equipment,US,0,,,,0.932799995,,371.4769897,,143.7579956,5.370999813
MCK UN Equity,McKesson Corp,"Akron, Ohio",41.0830643,-81.5184854,161.25,0,1,0,0,1,1,0,0,0,1.89E+11,US58155Q1031,Consumer Services,Food & Drug Retailers,US,0,,,,4.238900185,,,,,
MCO UN Equity,Moody's Corp,"Santa Clara, California",37.3541132,-121.9551744,92.86,0,1,0,1,0,1,0,0,0,3484499968,US6153691059,Financials,Financial Services,US,0,,,,,,,,,
MDLZ UW Equity,Mondelez International Inc,"Deerfield, Illinois",42.1711365,-87.8445119,41.52,1,1,0,1,1,1,1,0,0,29635999744,US6092071058,Consumer Goods,Food Producers,US,0,,,,,,,,1241.839966,
MDT UN Equity,Medtronic PLC,"Atlanta, Georgia",33.7490987,-84.3901849,76.14,1,1,1,1,1,1,0,0,0,28569999872,IE00BTN1Y115,Health Care,Health Care Equipment & Services,IE,0,1200,,,7.599999905,14.89999962,524,,,15.64400005
MET UN Equity,MetLife Inc,"Orrville, Ohio",40.8436664,-81.7640212,41.92,1,1,0,0,1,1,0,0,0,69950998528,US59156R1086,Financials,Life Insurance,US,0,284.1499939,,1.129400015,1.734899998,2.864200115,205.1009979,,14.41399956,
MHK UN Equity,McGraw Hill Financial Inc,"Springfield, Missouri",37.2153307,-93.2982521,96.73,1,1,0,1,1,1,0,0,0,5312999936,US5806451093,Financials,Financial Services,US,0,13684.81445,,17.7446003,613.742981,2725.22998,8598.667969,,47.13000107,
MJN UN Equity,Mohawk Industries Inc,"Mooresville, North Carolina",35.570746,-80.8182992,191.78,0,1,1,1,1,1,0,0,0,8071563008,US6081901042,Consumer Goods,Household Goods & Home Construction,US,12859.99966,,,152.2290039,,,,533,1143.504028,285.8999939
MKC UN Equity,Mead Johnson Nutrition Co,"Baltimore, Maryland",39.2908608,-76.6108073,84.14,0,1,0,1,0,1,0,0,0,4071300032,US5828391061,Consumer Goods,Food Producers,US,0,1342.239014,,,19.96699905,33.00600052,270.9440002,,,
MLM UN Equity,McCormick & Co Inc/MD,"Chicago, Illinois",41.86898915,-87.64856246,99.42,1,1,0,1,1,1,0,0,0,4316100032,US5797802064,Consumer Goods,Food Producers,US,0,,,13.03899956,,,,77.06400299,74.92700195,1799.209961
MMC UN Equity,Martin Marietta Materials Inc,"Birmingham, Alabama",36.302283,-94.28158895,161.96,0,1,1,0,1,1,0,0,0,3539614976,US5732841060,Industrials,Construction & Materials,US,0,,,,,,,,,
MMM UN Equity,Marsh & McLennan Cos Inc,"New York, New York",43.1561681,-75.8449946,60.17,0,1,0,0,1,1,0,0,0,12892999936,US5717481023,Financials,Nonlife Insurance,US,0,40806.5,,,227.9640045,439.0010071,8532.959961,,,
MNK UN Equity,3M Co,"New York, New York",43.1561681,-75.8449946,167.16,1,1,0,1,1,1,1,0,0,30273999872,US88579Y1010,Industrials,General Industrials,US,0,,,114.9639969,,,,8.18500042,2240,26900
MNST UW Equity,Mallinckrodt PLC,"Louisville, Kentucky",41.2381017,-85.8530544,64.26,,,0,,,,,0,0,3672200064,IE00BBGT3753,Health Care,Pharmaceuticals & Biotechnology,IE,0,,,,,,,,,
MO UN Equity,Monster Beverage Corp,"Chicago, Illinois",33.7490987,-84.3901849,131.96,0,1,0,0,0,1,0,0,0,2722563968,US61174X1090,Consumer Goods,Beverages,US,0,11250.75684,,,33.69609833,46.34939957,1384.150024,18.87400055,,12000
MON UN Equity,Altria Group Inc,"New York, New York",43.1561681,-75.8449946,63.41,0,1,0,1,1,1,1,0,0,18853999616,US02209S1033,Consumer Goods,Tobacco,US,11250.7998,1063980,,12.56239986,118,164,7611.109863,,236.6909943,
MOS UN Equity,Monsanto Co,"Milwaukee, Wisconsin",43.07797955,-87.88181522,86.1,1,1,1,1,1,1,1,0,0,13684999680,US61166W1018,Consumer Goods,Food Producers,US,723532,1177280,19400,25.10000038,15.00570011,246480,27395.90039,147.3280029,1240,881.7160034
MPC UN Equity,Mosaic Co/The,"Cincinnati, Ohio",39.1014537,-84.5124602,24.75,1,1,0,1,1,1,1,0,0,8895300096,US61945C1036,Basic Materials,Chemicals,US,0,,,40.13240051,261,548,106428,,1819.72998,
MRK UN Equity,Marathon Petroleum Corp,"Indianapolis, Indiana",39.7683331,-86.1583502,37.46,0,1,0,0,1,1,0,0,0,64359001088,US56585A1025,Oil & Gas,Oil & Gas Producers,US,0,46941.19922,,,22.61800003,87,6312.779785,,6100,
MRO UN Equity,Merck & Co Inc,"Cambridge, Massachusetts",42.3750997,-71.1056157,55.42,1,1,1,1,1,1,0,0,0,39498000384,US58933Y1055,Health Care,Pharmaceuticals & Biotechnology,US,27256.19922,,,,,,16522.80078,,,0.558000028
MS UN Equity,Marathon Oil Corp,"Rosemead, California",34.0676169,-118.0879763,11.22,0,1,1,1,1,1,1,0,0,55960000,,,,,,,,,,,,,,